lineage,defining_snps
A,
A.1,17593AG;17795CT
A.1.1,9180TC;17482CT;17593AG;24429AT
A.1.2,10506TC;17482CT;17593AG;17795CT
A.2,9212TA;14540CT;28598CT
A.3,
A.4,16116GA;28613GA
A.5,25823CT
B,8517TC;27879CT
B.1,2772CT;8517TC;14143CT;23138AG;27879CT
B.1.1,2772CT;8517TC;9832GA;14143CT;23138AG;23466CT;27879CT;28616GA;28617GA;28618GC
B.1.10,2772CT;8517TC;14143CT;18905CT;19244GA;23138AG;27879CT;28616GA;28617GA;28618GC
B.1.11,2772CT;8517TC;14143CT;23138AG;25164GT;27879CT
B.1.12,794CT;2772CT;4055CT;8517TC;14143CT;23138AG;25423CT;27879CT
B.1.13,2151CT;2772CT;8517TC;14143CT;20313GT;23138AG;25298GT;27879CT
B.1.14,2772CT;8517TC;14143CT;23138AG;25693AG;26781CT;27879CT;28616GA;28617GA;28618GC
B.1.15,2772CT;8517TC;14143CT;23138AG;27879CT;28616GA;28617GA;28618GC
B.1.16,8517TC;23138AG;24124AC;24125GC;27879CT
B.1.18,794CT;2772CT;8517TC;14143CT;23138AG;27879CT
B.1.19,2772CT;8517TC;11152GT;14143CT;23138AG;27879CT
B.1.2,794CT;2772CT;8517TC;14143CT;23138AG;25298GT;27699CT;27879CT
B.1.20,2772CT;8517TC;14143CT;23138AG;27879CT;28474GT
B.1.3,794CT;2772CT;8517TC;11651CT;14143CT;23138AG;25298GT;27879CT
B.1.4,794CT;2772CT;8517TC;10317CT;14143CT;23138AG;25298GT;27879CT
B.1.5,2772CT;8517TC;14143CT;20003AG;23138AG;27879CT
B.1.5.1,2772CT;8517TC;10058AG;14143CT;20003AG;23138AG;27879CT
B.1.6,2772CT;8517TC;14143CT;15012CT;15059CT;23138AG;27879CT
B.1.7,2772CT;8517TC;14143CT;23138AG;25085CT;27879CT
B.1.8,2772CT;8517TC;14143CT;23138AG;24597AG;27879CT
B.1.9,2772CT;7500CT;8517TC;14143CT;17425CT;18612CT;23138AG;25298GT;27879CT
B.2,8517TC;14540CT;25879GT;27879CT
B.2.1,2293CT;8517TC;10818GT;14540CT;25879GT;27879CT
B.2.2,1250AG;8517TC;10818GT;14540CT;16982TC;25879GT;27879CT
B.2.3,3594AG;8517TC;14540CT;16982TC;25879GT;27879CT;29333AG
B.2.4,8517TC;10818GT;13362GT;14540CT;15275CT;25879GT;27879CT
B.2.5,8517TC;10818GT;14540CT;23442CT;25879GT;27879CT
B.3,1175GA;8517TC;27879CT
B.4,1132GA;8517TC;10818GT;27879CT
B.5,8517TC;10818GT;27879CT;29370CT
B.6,6047CA;8517TC;10818GT;13465CT;23664CT;27879CT;28046CT
B.7,8517TC;25879GT;27879CT
B.8,8517TC;20005CT;27879CT
B.9,249TC;1340A-;1341T-;1342G-;5990CT;8517TC;27879CT
